{"cameraMode":{"drawMode":0,"name":"Shaded","section":"Shading Mode"},"sceneLighting":false,"audioPlay":false,"sceneViewState":{"m_AlwaysRefresh":false,"showFog":true,"showSkybox":false,"showFlares":true,"showImageEffects":true,"showParticleSystems":true,"showVisualEffectGraphs":true,"m_FxEnabled":true},"in2DMode":false,"pivot":{"x":-0.010999999940395356,"y":-1.1089999675750733,"z":1.437999963760376},"rotation":{"x":0.058470021933317187,"y":0.8853244781494141,"z":-0.1159326508641243,"w":0.44649040699005129},"size":0.2383476048707962,"orthographic":false}