{"cameraMode":{"drawMode":0,"name":"Shaded","section":"Shading Mode"},"sceneLighting":true,"audioPlay":false,"sceneViewState":{"m_AlwaysRefresh":false,"showFog":true,"showSkybox":true,"showFlares":true,"showImageEffects":true,"showParticleSystems":true,"showVisualEffectGraphs":true,"m_FxEnabled":true},"in2DMode":false,"pivot":{"x":-2.8161799907684328,"y":0.022409558296203615,"z":-12.029570579528809},"rotation":{"x":-0.08464152365922928,"y":0.845866322517395,"z":-0.14110803604125977,"w":-0.5073869824409485},"size":3.044130325317383,"orthographic":false}