{"cameraMode":{"drawMode":0,"name":"Shaded","section":"Shading Mode"},"sceneLighting":true,"audioPlay":false,"sceneViewState":{"m_AlwaysRefresh":false,"showFog":true,"showSkybox":true,"showFlares":true,"showImageEffects":true,"showParticleSystems":true,"showVisualEffectGraphs":true,"m_FxEnabled":true},"in2DMode":false,"pivot":{"x":-4.728484153747559,"y":3.1939425468444826,"z":-18.289411544799806},"rotation":{"x":0.26330065727233889,"y":0.08869969099760056,"z":-0.024318421259522439,"w":0.9603310227394104},"size":6.6470441818237309,"orthographic":false}